variable,correlation
v2cltrnslw,-0.8318314551221466
v2clrspct,-0.8143755269448455
v2juaccnt,-0.7797389307867294
v2mecorrpt,-0.7371644713992286
v2juncind,-0.7093198269598402
v2cscnsult,-0.703957243482552
v2clsocgrp,-0.6926907444431997
v2psprlnks,-0.6879404971393117
v2peapssoc,-0.6805539041478095
v2mecrit,-0.6796544800931187
