variable,correlation
v2medpolstate,0.569616053535701
v2edcenttxbooks,0.5695712463092666
v2edpatriot,0.5657245182539775
v2medentrain,0.561670018959517
v2cacamps,0.5574133787304572
v2medpatriot,0.5545759949489437
v2edteunionindp,0.5482161517687476
v2edscpatriotcb,0.5409686148669132
v2medpolnonstate,0.5268398538078202
v2edtehire,0.519495896433395
